{
  "metrics": {
    "mse": 4.383280075480014,
    "rmse": 2.0936284473325286,
    "mae": 1.476043931500779,
    "r2": 0.9815418257933374,
    "direction_accuracy": 0.5056022408963585
  },
  "feature_importances": {
    "Open": 0.00048383042305537473,
    "High": 0.0014506830790362102,
    "Low": 0.15302491402017807,
    "Close": 0.2695901480980521,
    "Adj Close": 0.4231919218511108,
    "Volume": 0.000337035379008382,
    "Return": 0.0007531834867564583,
    "Volatility_5d": 0.0005634354171422316,
    "Volatility_20d": 0.0005556426511520605,
    "MA_5d": 0.0007668141764584793,
    "MA_20d": 0.00023070981890624295,
    "MA_50d": 0.0002877533484439685,
    "EMA_12d": 0.0001570948676354596,
    "EMA_20d": 0.00012838823288294262,
    "EMA_26d": 0.00024274223949665393,
    "EMA_50d": 0.0001746572338223886,
    "Dist_EMA20": 0.0003291853926965441,
    "Dist_EMA50": 0.00025814745930232037,
    "EMA20_cross_EMA50": 0.00033289406878520434,
    "MACD": 0.0002790655590686818,
    "MACD_Signal": 0.0003461646764419168,
    "MACD_Histogram": 0.0004422270378689168,
    "RSI_14d": 0.00039588497872196187,
    "StochRSI_K": 0.0003907139610098671,
    "StochRSI_D": 0.00041768989624751165,
    "StochRSI_Raw": 0.00024667869594516284,
    "Volume_Change": 0.000524411717061177,
    "Vol_MA_5d": 0.00037959094344244604,
    "Vol_MA_20d": 0.00047631339873703473,
    "Vol_Ratio": 0.0005408999917678243,
    "price_bin": 1.5014233742738225e-06,
    "Dist_HighVol_Zone_1": 0.08980058669948175,
    "Dist_HighVol_Zone_2": 0.023585695847843834,
    "Dist_HighVol_Zone_3": 0.029313393929065533
  }
}