{
  "metrics": {
    "mse": 18.61139686087378,
    "rmse": 4.314092820150464,
    "mae": 3.361411910834521,
    "r2": 0.9217358301624239,
    "direction_accuracy": 0.4908835904628331
  },
  "feature_importances": {
    "Open": 0.001102078400345601,
    "High": 0.0038941576135598376,
    "Low": 0.16874940765444507,
    "Close": 0.3773651455099213,
    "Adj Close": 0.2822142736295719,
    "Volume": 0.0020183732697920116,
    "Return": 0.0007421959858770602,
    "Volatility_5d": 0.0016912815054061264,
    "Volatility_20d": 0.005518263440627184,
    "MA_5d": 0.001282617828729595,
    "MA_20d": 0.003110615796638497,
    "MA_50d": 0.0018517845468256572,
    "EMA_12d": 0.0020579014943531686,
    "EMA_20d": 0.0016021183063351563,
    "EMA_26d": 0.0022967949006327975,
    "EMA_50d": 0.003149496608433824,
    "Dist_EMA20": 0.0013030497965174082,
    "Dist_EMA50": 0.001613409177517355,
    "EMA20_cross_EMA50": 0.003156129836577293,
    "MACD": 0.0033298324614963334,
    "MACD_Signal": 0.002517705107999121,
    "MACD_Histogram": 0.004044423859350704,
    "RSI_14d": 0.0021808812736205906,
    "StochRSI_K": 0.0034824424044547883,
    "StochRSI_D": 0.0026579034662080067,
    "StochRSI_Raw": 0.0024491199364262512,
    "Volume_Change": 0.0007704455970727923,
    "Vol_MA_5d": 0.0034604998564854443,
    "Vol_MA_20d": 0.0033915034389919714,
    "Vol_Ratio": 0.0011046233179472903,
    "price_bin": 1.2776104535409208e-05,
    "Dist_HighVol_Zone_1": 0.032354150272850976,
    "Dist_HighVol_Zone_2": 0.02172601368718156,
    "Dist_HighVol_Zone_3": 0.05179858391327188
  }
}