{
  "metrics": {
    "mse": 1.7309652335708492,
    "rmse": 1.3156615193775523,
    "mae": 0.9285466087778619,
    "r2": 0.9927108336048026,
    "direction_accuracy": 0.5
  },
  "feature_importances": {
    "Open": 0.09111696440199701,
    "High": 0.13134138501506998,
    "Low": 0.25002958795030883,
    "Close": 5.608194840469204,
    "Adj Close": 5.6081948404702855,
    "Volume": 0.019411002322738236,
    "Return": 0.018413818337985857,
    "Volatility_5d": 0.04701743191216742,
    "Volatility_20d": 0.12144577260425295,
    "MA_5d": 2.4127791275522017,
    "MA_20d": 0.5083046526581827,
    "MA_50d": 1.2571643983550203,
    "EMA_12d": 21.007487000946444,
    "EMA_20d": 18.639141235472902,
    "EMA_26d": 21.58695374659328,
    "EMA_50d": 18.883388873643018,
    "Dist_EMA20": 0.08817889796688129,
    "Dist_EMA50": 0.1443041615834263,
    "EMA20_cross_EMA50": 3.5106973523553595,
    "MACD": 0.4588324458948871,
    "MACD_Signal": 0.43723112501554506,
    "MACD_Histogram": 0.15713990327507416,
    "RSI_14d": 0.12349323853204176,
    "StochRSI_K": 0.19097195642785092,
    "StochRSI_D": 0.21675799357618772,
    "StochRSI_Raw": 0.12029827706667318,
    "Volume_Change": 0.028535344006244502,
    "Vol_MA_5d": 0.049041583277669235,
    "Vol_MA_20d": 0.02866964167223005,
    "Vol_Ratio": 0.07530847609389876,
    "price_bin": 0.06786832083200196,
    "Dist_HighVol_Zone_1": 0.0053515666569724,
    "Dist_HighVol_Zone_2": 0.02391113858145162,
    "Dist_HighVol_Zone_3": 0.015469302412530075
  },
  "fitting_analysis": {
    "has_overfitting": false,
    "has_underfitting": false,
    "analysis": "No significant overfitting or underfitting detected. Model appears to be well-balanced.",
    "recommendations": []
  }
}