{
  "metrics": {
    "mse": 3.4042166246767094,
    "rmse": 1.8450519300758743,
    "mae": 1.245955642283589,
    "r2": 0.9856647025940686,
    "direction_accuracy": 0.5168067226890757
  },
  "feature_importances": {
    "Open": 0.008045665106616126,
    "High": 0.017008206333760458,
    "Low": 0.12914306875582673,
    "Close": 0.31303370720571777,
    "Adj Close": 0.38681422135305055,
    "Volume": 0.00030293302856497105,
    "Return": 0.00048636520142531143,
    "Volatility_5d": 0.0004117512940132527,
    "Volatility_20d": 0.0004063440335186118,
    "MA_5d": 0.0005112148959733837,
    "MA_20d": 0.000171376205020767,
    "MA_50d": 0.00016306119598019314,
    "EMA_12d": 0.0001645215922216689,
    "EMA_20d": 9.406527250918463e-05,
    "EMA_26d": 0.00013483995209522724,
    "EMA_50d": 0.00014823040445713243,
    "Dist_EMA20": 0.00024375953172399843,
    "Dist_EMA50": 0.00024413404414583853,
    "EMA20_cross_EMA50": 0.00031723553329848813,
    "MACD": 0.00023794816472227549,
    "MACD_Signal": 0.00035061679149053917,
    "MACD_Histogram": 0.0003666259277987796,
    "RSI_14d": 0.00030550673673209795,
    "StochRSI_K": 0.0003680569537249174,
    "StochRSI_D": 0.00033377746772322766,
    "StochRSI_Raw": 0.00027130808797658245,
    "Volume_Change": 0.00039787979682411094,
    "Vol_MA_5d": 0.00033917608195606553,
    "Vol_MA_20d": 0.0003376257244970954,
    "Vol_Ratio": 0.0003520256299811783,
    "price_bin": 0.005894838461953679,
    "Dist_HighVol_Zone_1": 0.04701442240500261,
    "Dist_HighVol_Zone_2": 0.02924744996035571,
    "Dist_HighVol_Zone_3": 0.056338040869341556
  },
  "fitting_analysis": {
    "has_overfitting": true,
    "has_underfitting": false,
    "analysis": "Overfitting detected: Model performs significantly better on training data than test data. ",
    "recommendations": [
      "Reduce model complexity (decrease max_depth, increase min_samples_split)",
      "Add regularization (decrease n_estimators)",
      "Consider feature selection to reduce dimensionality"
    ]
  }
}